{
  "mean_train_rmse": 0.10464477376061616,
  "std_train_rmse": 0.006226665736130921,
  "min_train_rmse": 0.09957361360022389,
  "max_train_rmse": 0.11341489875243158,
  "mean_val_rmse": 0.10326386261103639,
  "std_val_rmse": 0.013200043723818097,
  "min_val_rmse": 0.08786649921025465,
  "max_val_rmse": 0.12010325717718694,
  "mean_test_rmse": 0.10040133785684757,
  "std_test_rmse": 0.00998034538647663,
  "min_test_rmse": 0.09209600734231753,
  "max_test_rmse": 0.11443717339663632,
  "mean_train_mae": 0.0721092413609651,
  "std_train_mae": 0.002612790909504491,
  "min_train_mae": 0.07020581004093042,
  "max_train_mae": 0.07580371592628514,
  "mean_val_mae": 0.07263269457519243,
  "std_val_mae": 0.006232824311711149,
  "min_val_mae": 0.06510076159473012,
  "max_val_mae": 0.08036409137427462,
  "mean_test_mae": 0.07694504956340135,
  "std_test_mae": 0.0063282268191052395,
  "min_test_mae": 0.06971711542570158,
  "max_test_mae": 0.08512929103176708,
  "mean_train_dir_accuracy": 0.7004438232231945,
  "std_train_dir_accuracy": 0.010807364341970495,
  "min_train_dir_accuracy": 0.6859468258274553,
  "max_train_dir_accuracy": 0.7118847539015606,
  "mean_val_dir_accuracy": 0.7363247863247864,
  "std_val_dir_accuracy": 0.04484838624250864,
  "min_val_dir_accuracy": 0.6987179487179487,
  "max_val_dir_accuracy": 0.7993589743589744,
  "mean_test_dir_accuracy": 0.7064747621351395,
  "std_test_dir_accuracy": 0.08281441931614303,
  "min_test_dir_accuracy": 0.5935897435897436,
  "max_test_dir_accuracy": 0.789937106918239
}