{
  "mean_train_rmse": 0.1331850474604084,
  "std_train_rmse": 0.0016099433574392505,
  "min_train_rmse": 0.1313404095433909,
  "max_train_rmse": 0.13526316036143898,
  "mean_val_rmse": 0.10830478113893938,
  "std_val_rmse": 0.012619216174091953,
  "min_val_rmse": 0.09246500343146843,
  "max_val_rmse": 0.12334457216237675,
  "mean_test_rmse": 0.10236438056290066,
  "std_test_rmse": 0.004922675459006567,
  "min_test_rmse": 0.09862081530284597,
  "max_test_rmse": 0.10931931082700692,
  "mean_train_mae": 0.08784124751885732,
  "std_train_mae": 0.0020592673524689777,
  "min_train_mae": 0.08568675071001053,
  "max_train_mae": 0.0906153991818428,
  "mean_val_mae": 0.07464500268300374,
  "std_val_mae": 0.006985913457846797,
  "min_val_mae": 0.06607827544212341,
  "max_val_mae": 0.08319015800952911,
  "mean_test_mae": 0.07865223536888759,
  "std_test_mae": 0.0041229935190004365,
  "min_test_mae": 0.07541248202323914,
  "max_test_mae": 0.08447051793336868,
  "mean_train_dir_accuracy": 0.6785294159990993,
  "std_train_dir_accuracy": 0.012566423014960342,
  "min_train_dir_accuracy": 0.6625523473661009,
  "max_train_dir_accuracy": 0.693257567478964,
  "mean_val_dir_accuracy": 0.7241602067183462,
  "std_val_dir_accuracy": 0.043965631853161616,
  "min_val_dir_accuracy": 0.6892764857881137,
  "max_val_dir_accuracy": 0.7861757105943152,
  "mean_test_dir_accuracy": 0.6728195832228018,
  "std_test_dir_accuracy": 0.05553801848382924,
  "min_test_dir_accuracy": 0.5943152454780362,
  "max_test_dir_accuracy": 0.7141951837769328
}